date,stock,market
2021-06-01,16.186609268188477,4202.0400390625
2021-06-02,16.69789695739746,4208.1201171875
2021-06-03,16.888486862182617,4192.85009765625
2021-06-04,17.49407196044922,4229.89013671875
2021-06-07,17.534626007080078,4226.52001953125
2021-06-08,17.373401641845703,4227.259765625
2021-06-09,17.279077529907227,4219.5498046875
2021-06-10,17.34552764892578,4239.18017578125
2021-06-11,17.743953704833984,4247.43994140625
2021-06-14,17.936569213867188,4255.14990234375
2021-06-15,17.707372665405273,4246.58984375
2021-06-16,17.729021072387695,4223.7001953125
2021-06-17,18.57215690612793,4221.85986328125
2021-06-18,18.553741455078125,4166.4501953125
2021-06-21,18.34320831298828,4224.7900390625
2021-06-22,18.800609588623047,4246.43994140625
2021-06-23,18.970335006713867,4241.83984375
2021-06-24,19.117908477783203,4266.490234375
2021-06-25,18.94420051574707,4280.7001953125
2021-06-28,19.89385223388672,4290.60986328125
2021-06-29,19.935409545898438,4291.7998046875
2021-06-30,19.91126823425293,4297.5
2021-07-01,20.119815826416016,4319.93994140625
2021-07-02,20.39356231689453,4352.33984375
2021-07-06,20.60409164428711,4343.5400390625
2021-07-07,20.278837203979492,4358.1298828125
2021-07-08,19.811979293823242,4320.81982421875
2021-07-09,19.958805084228516,4369.5498046875
2021-07-12,20.418949127197266,4384.6298828125
2021-07-13,20.157644271850586,4369.2099609375
2021-07-14,19.75100326538086,4374.2998046875
2021-07-15,18.879751205444336,4360.02978515625
2021-07-16,18.078168869018555,4327.16015625
2021-07-19,18.69409942626953,4258.490234375
2021-07-20,18.527116775512695,4323.06005859375
2021-07-21,19.321474075317383,4358.68994140625
2021-07-22,19.504629135131836,4367.47998046875
2021-07-23,19.46879768371582,4411.7900390625
2021-07-26,19.206005096435547,4422.2998046875
2021-07-27,19.120393753051758,4401.4599609375
2021-07-28,19.4140567779541,4400.64013671875
2021-07-29,19.57232666015625,4419.14990234375
2021-07-30,19.41007423400879,4395.259765625
2021-08-02,19.659923553466797,4387.16015625
2021-08-03,19.724626541137695,4423.14990234375
2021-08-04,20.181535720825195,4402.66015625
2021-08-05,20.542877197265625,4429.10009765625
2021-08-06,20.273115158081055,4436.52001953125
2021-08-09,20.20244026184082,4432.35009765625
2021-08-10,19.845075607299805,4436.75
2021-08-11,19.609155654907227,4442.41015625
2021-08-12,19.81421661376953,4460.830078125
2021-08-13,20.09592628479004,4468.0
2021-08-16,19.859012603759766,4479.7099609375
2021-08-17,19.3692569732666,4448.080078125
2021-08-18,18.95315933227539,4400.27001953125
2021-08-19,19.707704544067383,4405.7998046875
2021-08-20,20.721057891845703,4441.669921875
2021-08-23,21.857852935791016,4479.52978515625
2021-08-24,21.693599700927734,4486.22998046875
2021-08-25,22.111690521240234,4496.18994140625
2021-08-26,21.967355728149414,4470.0
2021-08-27,22.53276252746582,4509.3701171875
2021-08-30,22.58452033996582,4528.7900390625
2021-08-31,22.286836624145508,4522.68017578125
2021-09-01,22.34258460998535,4524.08984375
2021-09-02,22.29778480529785,4536.9501953125
2021-09-03,22.742828369140625,4535.43017578125
2021-09-07,22.562620162963867,4520.02978515625
2021-09-08,22.241039276123047,4514.06982421875
2021-09-09,22.07974624633789,4493.27978515625
2021-09-10,22.379425048828125,4458.580078125
2021-09-13,22.05485725402832,4468.72998046875
2021-09-14,22.14446258544922,4443.0498046875
2021-09-15,22.24302864074707,4480.7001953125
2021-09-16,22.14446258544922,4473.75
2021-09-17,21.803958892822266,4432.990234375
2021-09-20,21.02041244506836,4357.72998046875
2021-09-21,21.15283203125,4354.18994140625
2021-09-22,21.844785690307617,4395.64013671875
2021-09-23,22.383407592773438,4448.97998046875
2021-09-24,21.984163284301758,4455.47998046875
2021-09-27,21.565019607543945,4443.10986328125
2021-09-28,20.60822868347168,4352.6298828125
2021-09-29,20.42702865600586,4359.4599609375
2021-09-30,20.625152587890625,4307.5400390625
2021-10-01,20.651039123535156,4357.0400390625
2021-10-04,19.645471572875977,4300.4599609375
2021-10-05,20.361316680908203,4345.72021484375
2021-10-06,20.609224319458008,4363.5498046875
2021-10-07,20.98257827758789,4399.759765625
2021-10-08,20.739643096923828,4391.33984375
2021-10-11,20.60424041748047,4361.18994140625
2021-10-12,20.58034896850586,4350.64990234375
2021-10-13,20.84717559814453,4363.7998046875
2021-10-14,21.650636672973633,4438.259765625
2021-10-15,21.766132354736328,4471.3701171875
2021-10-18,22.124553680419922,4486.4599609375
2021-10-19,22.19225311279297,4519.6298828125
2021-10-20,22.006072998046875,4536.18994140625
2021-10-21,22.592487335205078,4549.77978515625
2021-10-22,22.626340866088867,4544.89990234375
2021-10-25,23.064411163330078,4566.47998046875
2021-10-26,24.608606338500977,4574.7900390625
2021-10-27,24.343772888183594,4551.68017578125
2021-10-28,24.831628799438477,4596.419921875
2021-10-29,25.454877853393555,4605.3798828125
2021-11-01,25.713741302490234,4613.669921875
2021-11-02,26.28522300720215,4630.64990234375
2021-11-03,26.48135757446289,4660.56982421875
2021-11-04,29.67030906677246,4680.06005859375
2021-11-05,29.621536254882812,4697.52978515625
2021-11-08,30.668920516967773,4701.7001953125
2021-11-09,30.522558212280273,4685.25
2021-11-10,29.329814910888672,4646.7099609375
2021-11-11,30.256729125976562,4649.27001953125
2021-11-12,30.256729125976562,4682.85009765625
2021-11-15,29.89333152770996,4682.7998046875
2021-11-16,30.070547103881836,4700.89990234375
2021-11-17,29.132680892944336,4688.669921875
2021-11-18,31.536094665527344,4704.5400390625
2021-11-19,32.84035873413086,4697.9599609375
2021-11-22,31.81586456298828,4682.93994140625
2021-11-23,31.606788635253906,4690.7001953125
2021-11-24,32.53071212768555,4701.4599609375
2021-11-26,31.36484718322754,4594.6201171875
2021-11-29,33.22964096069336,4655.27001953125
2021-11-30,32.5327033996582,4567.0
2021-12-01,31.300973892211914,4513.0400390625
2021-12-02,31.989032745361328,4577.10009765625
2021-12-03,30.56214141845703,4538.43017578125
2021-12-06,29.908939361572266,4591.669921875
2021-12-07,32.28874969482422,4686.75
2021-12-08,31.6903133392334,4701.2099609375
2021-12-09,30.360010147094727,4667.4501953125
2021-12-10,30.069255828857422,4712.02001953125
2021-12-13,28.04094123840332,4668.97021484375
2021-12-14,28.216188430786133,4634.08984375
2021-12-15,30.329143524169922,4709.85009765625
2021-12-16,28.265972137451172,4668.669921875
2021-12-17,27.682476043701172,4620.64013671875
2021-12-20,27.600826263427734,4568.02001953125
2021-12-21,28.951040267944336,4649.22998046875
2021-12-22,29.274654388427734,4696.56005859375
2021-12-23,29.51363182067871,4725.7900390625
2021-12-27,30.813068389892578,4791.18994140625
2021-12-28,30.19272804260254,4786.35009765625
2021-12-29,29.873088836669922,4793.06005859375
2021-12-30,29.45986557006836,4778.72998046875
2021-12-31,29.28561019897461,4766.18017578125
2022-01-03,29.992586135864258,4796.56005859375
2022-01-04,29.165124893188477,4793.5400390625
2022-01-05,27.486310958862305,4700.580078125
2022-01-06,28.057865142822266,4696.0498046875
2022-01-07,27.130834579467773,4677.02978515625
2022-01-10,27.28318214416504,4670.2900390625
2022-01-11,27.698406219482422,4713.06982421875
2022-01-12,27.8796329498291,4726.35009765625
2022-01-13,26.461700439453125,4659.02978515625
2022-01-14,26.82713508605957,4662.85009765625
2022-01-18,25.79256248474121,4577.10986328125
2022-01-19,24.960126876831055,4532.759765625
2022-01-20,24.04704475402832,4482.72998046875
2022-01-21,23.27434730529785,4397.93994140625
2022-01-24,23.272357940673828,4410.1298828125
2022-01-25,22.228824615478516,4356.4501953125
2022-01-26,22.674915313720703,4349.93017578125
2022-01-27,21.85044288635254,4326.509765625
2022-01-28,22.742626190185547,4431.85009765625
2022-01-31,24.38160514831543,4515.5498046875
2022-02-01,24.532957077026367,4546.5400390625
2022-02-02,25.13438606262207,4589.3798828125
2022-02-03,23.84589958190918,4477.43994140625
2022-02-04,24.215316772460938,4500.52978515625
2022-02-07,24.622577667236328,4483.8701171875
2022-02-08,25.000959396362305,4521.5400390625
2022-02-09,26.591148376464844,4587.18017578125
2022-02-10,25.71390151977539,4504.080078125
2022-02-11,23.846893310546875,4418.64013671875
2022-02-14,24.16353988647461,4401.669921875
2022-02-15,26.382041931152344,4471.06982421875
2022-02-16,26.39797019958496,4475.009765625
2022-02-17,24.40251922607422,4380.259765625
2022-02-18,23.541202545166016,4348.8701171875
2022-02-22,23.2902774810791,4304.759765625
2022-02-23,22.29155731201172,4225.5
2022-02-24,23.646747589111328,4288.7001953125
2022-02-25,24.054006576538086,4384.64990234375
2022-02-28,24.281034469604492,4373.93994140625
2022-03-01,23.376909255981445,4306.259765625
2022-03-02,24.120849609375,4386.5400390625
2022-03-03,23.616918563842773,4363.490234375
2022-03-04,22.842105865478516,4328.8701171875
2022-03-07,21.264589309692383,4201.08984375
2022-03-08,21.425926208496094,4170.7001953125
2022-03-09,22.91978645324707,4277.8798828125
2022-03-10,22.56524658203125,4259.52001953125
2022-03-11,22.009532928466797,4204.31005859375
2022-03-14,21.2426815032959,4173.10986328125
2022-03-15,22.87895393371582,4262.4501953125
2022-03-16,24.395719528198242,4357.85986328125
2022-03-17,24.664609909057617,4411.669921875
2022-03-18,26.344709396362305,4463.1201171875
2022-03-21,26.624555587768555,4461.18017578125
2022-03-22,26.415416717529297,4511.60986328125
2022-03-23,25.529062271118164,4456.240234375
2022-03-24,28.034761428833008,4520.16015625
2022-03-25,27.578632354736328,4543.06005859375
2022-03-28,28.10348129272461,4575.52001953125
2022-03-29,28.53868865966797,4631.60009765625
2022-03-30,27.576644897460938,4602.4501953125
2022-03-31,27.174297332763672,4530.41015625
2022-04-01,26.60264778137207,4545.85986328125
2022-04-04,27.24799346923828,4582.64013671875
2022-04-05,25.824846267700195,4525.1201171875
2022-04-06,24.307083129882812,4481.14990234375
2022-04-07,24.108898162841797,4500.2099609375
2022-04-08,23.02435874938965,4488.27978515625
2022-04-11,21.827274322509766,4412.52978515625
2022-04-12,21.41596794128418,4397.4501953125
2022-04-13,22.112106323242188,4446.58984375
2022-04-14,21.170976638793945,4392.58984375
2022-04-18,21.693822860717773,4391.68994140625
2022-04-19,22.10712432861328,4462.2099609375
2022-04-20,21.39405632019043,4459.4501953125
2022-04-21,20.100378036499023,4393.66015625
2022-04-22,19.43510627746582,4271.77978515625
2022-04-25,19.820526123046875,4296.1201171875
2022-04-26,18.711082458496094,4175.2001953125
2022-04-27,18.339614868164062,4183.9599609375
2022-04-28,19.701019287109375,4287.5
2022-04-29,18.4710750579834,4131.93017578125
2022-05-02,19.453039169311523,4155.3798828125
2022-05-03,19.52175521850586,4175.47998046875
2022-05-04,20.25075340270996,4300.169921875
2022-05-05,18.766857147216797,4146.8701171875
2022-05-06,18.598548889160156,4123.33984375
2022-05-09,16.880611419677734,3991.239990234375
2022-05-10,17.522968292236328,4001.050048828125
2022-05-11,16.561918258666992,3935.179931640625
2022-05-12,16.108781814575195,3930.080078125
2022-05-13,17.633516311645508,4023.889892578125
2022-05-16,17.193326950073242,4008.010009765625
2022-05-17,18.10258674621582,4088.85009765625
2022-05-18,16.868661880493164,3923.679931640625
2022-05-19,17.05389976501465,3900.7900390625
2022-05-20,16.625661849975586,3901.360107421875
2022-05-23,16.828826904296875,3973.75
2022-05-24,16.08786964416504,3941.47998046875
2022-05-25,16.90550994873047,3978.72998046875
2022-05-26,17.777921676635742,4057.840087890625
2022-05-27,18.733991622924805,4158.240234375
2022-05-31,18.595561981201172,4132.14990234375
2022-06-01,18.245006561279297,4101.22998046875
2022-06-02,19.51179313659668,4176.81982421875
2022-06-03,18.64336395263672,4108.5400390625
2022-06-06,18.709091186523438,4121.43017578125
2022-06-07,18.84852409362793,4160.68017578125
2022-06-08,18.575586318969727,4115.77001953125
2022-06-09,17.977914810180664,4017.820068359375
2022-06-10,16.90808868408203,3900.860107421875
2022-06-13,15.5862398147583,3749.6298828125
2022-06-14,15.774506568908691,3735.47998046875
2022-06-15,16.46282386779785,3789.989990234375
2022-06-16,15.540417671203613,3666.77001953125
2022-06-17,15.818334579467773,3674.840087890625
2022-06-21,16.501672744750977,3764.7900390625
2022-06-22,16.296472549438477,3759.889892578125
2022-06-23,16.16199493408203,3795.72998046875
2022-06-24,17.059494018554688,3911.739990234375
2022-06-27,16.80349349975586,3900.110107421875
2022-06-28,15.919938087463379,3821.550048828125
2022-06-29,15.481646537780762,3818.830078125
2022-06-30,15.100135803222656,3785.3798828125
2022-07-01,14.466606140136719,3825.330078125
2022-07-05,14.905891418457031,3831.389892578125
2022-07-06,15.071248054504395,3845.080078125
2022-07-07,15.796420097351074,3902.6201171875
2022-07-08,15.776497840881348,3899.3798828125
2022-07-11,15.093161582946777,3854.429931640625
2022-07-12,15.023432731628418,3818.800048828125
2022-07-13,15.105114936828613,3801.780029296875
2022-07-14,15.312305450439453,3790.3798828125
2022-07-15,15.700793266296387,3863.159912109375
2022-07-18,16.038475036621094,3830.85009765625
2022-07-19,16.92601776123047,3936.68994140625
2022-07-20,17.73785400390625,3959.89990234375
2022-07-21,17.979907989501953,3998.949951171875
2022-07-22,17.251747131347656,3961.6298828125
2022-07-25,16.9578914642334,3966.840087890625
2022-07-26,16.468801498413086,3921.050048828125
2022-07-27,17.72091293334961,4023.610107421875
2022-07-28,17.914161682128906,4072.429931640625
2022-07-29,18.09246826171875,4130.2900390625
2022-08-01,18.3693904876709,4118.6298828125
2022-08-02,18.454059600830078,4091.18994140625
2022-08-03,18.819631576538086,4155.169921875
2022-08-04,19.14038848876953,4151.93994140625
2022-08-05,18.91526222229004,4145.18994140625
2022-08-08,17.723905563354492,4140.06005859375
2022-08-09,17.0196533203125,4122.47021484375
2022-08-10,18.026723861694336,4210.240234375
2022-08-11,17.872329711914062,4207.27001953125
2022-08-12,18.6363525390625,4280.14990234375
2022-08-15,18.958093643188477,4297.14013671875
2022-08-16,18.805688858032227,4305.2001953125
2022-08-17,18.263797760009766,4274.0400390625
2022-08-18,18.700101852416992,4283.740234375
2022-08-19,17.779687881469727,4228.47998046875
2022-08-22,16.967853546142578,4137.990234375
2022-08-23,17.114280700683594,4128.72998046875
2022-08-24,17.15512466430664,4140.77001953125
2022-08-25,17.843441009521484,4199.1201171875
2022-08-26,16.196861267089844,4057.659912109375
2022-08-29,15.739639282226562,4030.610107421875
2022-08-30,15.407936096191406,3986.159912109375
2022-08-31,15.035387992858887,3955.0
2022-09-01,13.882880210876465,3966.85009765625
2022-09-02,13.59400463104248,3924.260009765625
2022-09-06,13.412713050842285,3908.18994140625
2022-09-07,13.66480541229248,3979.8701171875
2022-09-08,13.939815521240234,4006.179931640625
2022-09-09,14.335392951965332,4067.360107421875
2022-09-12,14.452967643737793,4110.41015625
2022-09-13,13.08389663696289,3932.68994140625
2022-09-14,13.080906867980957,3946.010009765625
2022-09-15,12.882619857788086,3901.35009765625
2022-09-16,13.150654792785645,3873.330078125
2022-09-19,13.333996772766113,3899.889892578125
2022-09-20,13.12873363494873,3855.929931640625
2022-09-21,13.21342945098877,3789.929931640625
2022-09-22,12.515939712524414,3757.989990234375
2022-09-23,12.47110366821289,3693.22998046875
2022-09-26,12.184135437011719,3655.0400390625
2022-09-27,12.368474006652832,3647.2900390625
2022-09-28,12.690312385559082,3719.0400390625
2022-09-29,12.176166534423828,3640.469970703125
2022-09-30,12.09545612335205,3585.6201171875
2022-10-03,12.467117309570312,3678.429931640625
2022-10-04,13.119770050048828,3790.929931640625
2022-10-05,13.161616325378418,3783.280029296875
2022-10-06,13.08289909362793,3744.52001953125
2022-10-07,12.03268051147461,3639.659912109375
2022-10-10,11.62813949584961,3612.389892578125
2022-10-11,11.544438362121582,3588.840087890625
2022-10-12,11.458747863769531,3577.030029296875
2022-10-13,11.917098045349121,3669.909912109375
2022-10-14,11.186725616455078,3583.070068359375
2022-10-17,11.845355033874512,3677.949951171875
2022-10-18,11.924071311950684,3719.97998046875
2022-10-19,12.007770538330078,3695.159912109375
2022-10-20,12.15025806427002,3665.780029296875
2022-10-21,12.421279907226562,3752.75
2022-10-24,12.55380630493164,3797.340087890625
2022-10-25,13.21342945098877,3859.110107421875
2022-10-26,12.849739074707031,3830.60009765625
2022-10-27,13.12873363494873,3807.300048828125
2022-10-28,13.784372329711914,3901.06005859375
2022-10-31,13.448580741882324,3871.97998046875
2022-11-01,13.49441909790039,3856.10009765625
2022-11-02,13.171581268310547,3759.68994140625
2022-11-03,13.372857093811035,3719.889892578125
2022-11-04,14.105218887329102,3770.550048828125
2022-11-07,14.249700546264648,3806.800048828125
2022-11-08,14.5496187210083,3828.110107421875
2022-11-09,13.726583480834961,3748.570068359375
2022-11-10,15.693501472473145,3956.3701171875
2022-11-11,16.2684326171875,3992.929931640625
2022-11-14,16.23654556274414,3957.25
2022-11-15,16.60621452331543,3991.72998046875
2022-11-16,15.85292911529541,3958.7900390625
2022-11-17,15.620763778686523,3946.56005859375
2022-11-18,15.353724479675293,3965.340087890625
2022-11-21,15.262056350708008,3949.93994140625
2022-11-22,15.980469703674316,4003.580078125
2022-11-23,16.459741592407227,4027.260009765625
2022-11-25,16.21163558959961,4026.1201171875
2022-11-28,15.770227432250977,3963.93994140625
2022-11-29,15.582901000976562,3957.6298828125
2022-11-30,16.866609573364258,4080.110107421875
2022-12-01,17.07790184020996,4076.570068359375
2022-12-02,16.819759368896484,4071.699951171875
2022-12-05,16.554651260375977,3998.840087890625
2022-12-06,15.933727264404297,3941.260009765625
2022-12-07,16.066286087036133,3933.919921875
2022-12-08,17.11178970336914,3963.510009765625
2022-12-09,16.944347381591797,3934.3798828125
2022-12-12,17.476572036743164,3990.56005859375
2022-12-13,18.01177978515625,4019.64990234375
2022-12-14,17.6151065826416,3995.320068359375
2022-12-15,16.8955135345459,3895.75
2022-12-16,16.515775680541992,3852.360107421875
2022-12-19,16.1998348236084,3817.659912109375
2022-12-20,16.031402587890625,3821.6201171875
2022-12-21,16.446012496948242,3878.43994140625
2022-12-22,15.287886619567871,3822.389892578125
2022-12-23,15.155328750610352,3844.820068359375
2022-12-27,14.073945999145508,3829.25
2022-12-28,13.989230155944824,3783.219970703125
2022-12-29,14.554337501525879,3849.280029296875
2022-12-30,14.565300941467285,3839.5
2023-01-03,14.26729965209961,3824.139892578125
2023-01-04,14.699851036071777,3852.969970703125
2023-01-05,14.217466354370117,3808.10009765625
2023-01-06,14.80948543548584,3895.080078125
2023-01-09,15.575922012329102,3892.090087890625
2023-01-10,15.855988502502441,3919.25
2023-01-11,15.947678565979004,3969.610107421875
2023-01-12,16.455984115600586,3983.169921875
2023-01-13,16.84269142150879,3999.090087890625
2023-01-17,17.643014907836914,3990.969970703125
2023-01-18,17.319093704223633,3928.860107421875
2023-01-19,16.70913314819336,3898.85009765625
2023-01-20,17.779556274414062,3972.610107421875
2023-01-23,19.129045486450195,4019.81005859375
2023-01-24,19.2007999420166,4016.949951171875
2023-01-25,19.258609771728516,4016.219970703125
2023-01-26,19.73601722717285,4060.429931640625
2023-01-27,20.29714012145996,4070.56005859375
2023-01-30,19.09814453125,4017.77001953125
2023-01-31,19.471899032592773,4076.60009765625
2023-02-01,20.873212814331055,4119.2099609375
2023-02-02,21.63665771484375,4179.759765625
2023-02-03,21.02968978881836,4136.47998046875
2023-02-06,21.018722534179688,4111.080078125
2023-02-07,22.09911346435547,4164.0
2023-02-08,22.131006240844727,4117.85986328125
2023-02-09,22.26256561279297,4081.5
2023-02-10,21.19413948059082,4090.4599609375
2023-02-13,21.715396881103516,4137.2900390625
2023-02-14,22.894453048706055,4136.1298828125
2023-02-15,22.68814468383789,4147.60009765625
2023-02-16,21.928682327270508,4090.409912109375
2023-02-17,21.316730499267578,4079.090087890625
2023-02-21,20.586172103881836,3997.340087890625
2023-02-22,20.684843063354492,3991.050048828125
2023-02-23,23.585145950317383,4012.320068359375
2023-02-24,23.208402633666992,3970.0400390625
2023-02-27,23.422685623168945,3982.239990234375
2023-02-28,23.138635635375977,3970.14990234375
2023-03-01,22.622364044189453,3951.389892578125
2023-03-02,23.23631477355957,3981.35009765625
2023-03-03,23.810392379760742,4045.639892578125
2023-03-06,23.475515365600586,4048.419921875
2023-03-07,23.214338302612305,3986.3701171875
2023-03-08,24.10451316833496,3992.010009765625
2023-03-09,23.36186981201172,3918.320068359375
2023-03-10,22.892362594604492,3861.590087890625
2023-03-13,22.893356323242188,3855.760009765625
2023-03-14,23.986888885498047,3919.2900390625
2023-03-15,24.151369094848633,3891.929931640625
2023-03-16,25.46021270751953,3960.280029296875
2023-03-17,25.643632888793945,3916.639892578125
2023-03-20,25.818077087402344,3951.570068359375
2023-03-21,26.116134643554688,4002.8701171875
2023-03-22,26.384281158447266,3936.969970703125
2023-03-23,27.104997634887695,3948.719970703125
2023-03-24,26.69430160522461,3970.989990234375
2023-03-27,26.44708251953125,3977.530029296875
2023-03-28,26.326461791992188,3971.27001953125
2023-03-29,26.89865493774414,4027.81005859375
2023-03-30,27.29638671875,4050.830078125
2023-03-31,27.689144134521484,4109.31005859375
2023-04-03,27.876548767089844,4124.509765625
2023-04-04,27.366161346435547,4100.60009765625
2023-04-05,26.79597282409668,4090.3798828125
2023-04-06,26.951480865478516,4105.02001953125
2023-04-10,27.49176788330078,4109.10986328125
2023-04-11,27.083065032958984,4108.93994140625
2023-04-12,26.411197662353516,4091.949951171875
2023-04-13,26.37929344177246,4146.22021484375
2023-04-14,26.67336082458496,4137.64013671875
2023-04-17,26.916593551635742,4151.31982421875
2023-04-18,27.57948875427246,4154.8701171875
2023-04-19,27.8426513671875,4154.52001953125
2023-04-20,27.01827049255371,4129.7900390625
2023-04-21,27.033226013183594,4133.52001953125
2023-04-24,26.956464767456055,4137.0400390625
2023-04-25,26.15799903869629,4071.6298828125
2023-04-26,26.87073516845703,4055.989990234375
2023-04-27,27.13988494873047,4135.35009765625
2023-04-28,27.661231994628906,4169.47998046875
2023-05-01,28.818561553955078,4167.8701171875
2023-05-02,28.120769500732422,4119.580078125
2023-05-03,27.714059829711914,4090.75
2023-05-04,27.474821090698242,4061.219970703125
2023-05-05,28.589284896850586,4136.25
2023-05-08,29.058794021606445,4138.1201171875
2023-05-09,28.480632781982422,4119.169921875
2023-05-10,28.79364013671875,4137.64013671875
2023-05-11,28.48760414123535,4130.6201171875
2023-05-12,28.250356674194336,4124.080078125
2023-05-15,28.861419677734375,4136.27978515625
2023-05-16,29.120601654052734,4109.89990234375
2023-05-17,30.082550048828125,4158.77001953125
2023-05-18,31.577800750732422,4198.0498046875
2023-05-19,31.165111541748047,4191.97998046875
2023-05-22,31.077394485473633,4192.6298828125
2023-05-23,30.590930938720703,4145.580078125
2023-05-24,30.441410064697266,4115.240234375
2023-05-25,37.85986328125,4151.27978515625
2023-05-26,38.82281494140625,4205.4501953125
2023-05-30,39.98412322998047,4205.52001953125
2023-05-31,37.71432876586914,4179.830078125
2023-06-01,39.644203186035156,4221.02001953125
2023-06-02,39.202613830566406,4282.3701171875
2023-06-05,39.04710006713867,4273.7900390625
2023-06-06,38.53173828125,4283.85009765625
2023-06-07,37.36033248901367,4267.52001953125
2023-06-08,38.39216613769531,4293.93017578125
2023-06-09,38.6513671875,4298.85986328125
2023-06-12,39.361183166503906,4338.93017578125
2023-06-13,40.8964729309082,4369.009765625
2023-06-14,42.865440368652344,4372.58984375
2023-06-15,42.52248764038086,4425.83984375
2023-06-16,42.56136703491211,4409.58984375
2023-06-20,43.6739616394043,4388.7099609375
2023-06-21,42.91328811645508,4365.68994140625
2023-06-22,42.89335250854492,4381.89013671875
2023-06-23,42.07985305786133,4348.330078125
2023-06-26,40.50768280029297,4328.81982421875
2023-06-27,41.747867584228516,4378.41015625
2023-06-28,40.99119186401367,4376.85986328125
2023-06-29,40.69709014892578,4396.43994140625
2023-06-30,42.17255783081055,4450.3798828125
2023-07-03,42.28322219848633,4455.58984375
2023-07-05,42.18751907348633,4446.81982421875
2023-07-06,41.97417449951172,4411.58984375
2023-07-07,42.372947692871094,4398.9501953125
2023-07-10,42.050933837890625,4409.52978515625
2023-07-11,42.27524185180664,4439.259765625
2023-07-12,43.76766586303711,4472.16015625
2023-07-13,45.83632278442383,4510.0400390625
2023-07-14,45.32987594604492,4505.419921875
2023-07-17,46.3188362121582,4522.7900390625
2023-07-18,47.348670959472656,4554.97998046875
2023-07-19,46.93294906616211,4565.72021484375
2023-07-20,45.38071060180664,4534.8701171875
2023-07-21,44.17341613769531,4536.33984375
2023-07-24,44.47549819946289,4554.64013671875
2023-07-25,45.53923416137695,4567.4599609375
2023-07-26,45.312923431396484,4566.75
2023-07-27,45.759559631347656,4537.41015625
2023-07-28,46.60695266723633,4582.22998046875
2023-07-31,46.58601379394531,4588.9599609375
2023-08-01,46.36469268798828,4576.72998046875
2023-08-02,44.133541107177734,4513.39013671875
2023-08-03,44.37879180908203,4501.89013671875
2023-08-04,44.54328536987305,4478.02978515625
2023-08-07,45.27803421020508,4518.43994140625
2023-08-08,44.52733612060547,4499.3798828125
2023-08-09,42.42379379272461,4467.7099609375
2023-08-10,42.258296966552734,4468.830078125
2023-08-11,40.7299919128418,4464.0498046875
2023-08-14,43.61911392211914,4489.72021484375
2023-08-15,43.80554962158203,4437.85986328125
2023-08-16,43.35293960571289,4404.330078125
2023-08-17,43.211368560791016,4370.35986328125
2023-08-18,43.16651153564453,4369.7099609375
2023-08-21,46.82329177856445,4399.77001953125
2023-08-22,45.52825927734375,4387.5498046875
2023-08-23,46.971839904785156,4436.009765625
2023-08-24,47.01868438720703,4376.31005859375
2023-08-25,45.87718963623047,4405.7099609375
2023-08-28,46.691688537597656,4433.31005859375
2023-08-29,48.634727478027344,4497.6298828125
2023-08-30,49.11325454711914,4514.8701171875
2023-08-31,49.203983306884766,4507.66015625
2023-09-01,48.360572814941406,4515.77001953125
2023-09-05,48.39945983886719,4496.830078125
2023-09-06,46.92086410522461,4465.47998046875
2023-09-07,46.10331344604492,4451.14013671875
2023-09-08,45.436302185058594,4457.490234375
2023-09-11,45.04347610473633,4487.4599609375
2023-09-12,44.73638916015625,4461.89990234375
2023-09-13,45.34955596923828,4467.43994140625
2023-09-14,45.445274353027344,4505.10009765625
2023-09-15,43.76927947998047,4450.31982421875
2023-09-18,43.835079193115234,4453.52978515625
2023-09-19,43.390411376953125,4443.9501953125
2023-09-20,42.11322784423828,4402.2001953125
2023-09-21,40.894859313964844,4330.0
2023-09-22,41.48609161376953,4320.06005859375
2023-09-25,42.096275329589844,4337.43994140625
2023-09-26,41.786197662353516,4273.52978515625
2023-09-27,42.34154510498047,4274.509765625
2023-09-28,42.960697174072266,4299.7001953125
2023-09-29,43.369468688964844,4288.0498046875
2023-10-02,44.64864730834961,4288.39013671875
2023-10-03,43.38741683959961,4229.4501953125
2023-10-04,43.90985870361328,4263.75
2023-10-05,44.554935455322266,4258.18994140625
2023-10-06,45.625732421875,4308.5
2023-10-09,45.138187408447266,4335.66015625
2023-10-10,45.66162872314453,4358.240234375
2023-10-11,46.66663360595703,4376.9501953125
2023-10-12,46.80521011352539,4349.60986328125
2023-10-13,45.32563018798828,4327.77978515625
2023-10-16,45.957740783691406,4373.6298828125
2023-10-17,43.807167053222656,4373.2001953125
2023-10-18,42.07035446166992,4314.60009765625
2023-10-19,41.97563934326172,4278.0
2023-10-20,41.26375961303711,4224.16015625
2023-10-23,42.84703063964844,4217.0400390625
2023-10-24,43.532981872558594,4247.68017578125
2023-10-25,41.65459442138672,4186.77001953125
2023-10-26,40.20591735839844,4137.22998046875
2023-10-27,40.379398345947266,4117.3701171875
2023-10-30,41.0384407043457,4166.81982421875
2023-10-31,40.658565521240234,4193.7998046875
2023-11-01,42.198978424072266,4237.85986328125
2023-11-02,43.3764533996582,4317.77978515625
2023-11-03,44.87099075317383,4358.33984375
2023-11-06,45.61476516723633,4365.97998046875
2023-11-07,45.81816101074219,4378.3798828125
2023-11-08,46.43531799316406,4382.77978515625
2023-11-09,46.81019592285156,4347.35009765625
2023-11-10,48.19107437133789,4415.240234375
2023-11-13,48.475215911865234,4411.5498046875
2023-11-14,49.508140563964844,4495.7001953125
2023-11-15,48.742435455322266,4502.8798828125
2023-11-16,49.33266067504883,4508.240234375
2023-11-17,49.15121078491211,4514.02001953125
2023-11-20,50.25889205932617,4547.3798828125
2023-11-21,49.79528045654297,4538.18994140625
2023-11-22,48.57094192504883,4556.6201171875
2023-11-24,47.63373947143555,4559.33984375
2023-11-27,48.09835433959961,4550.43017578125
2023-11-28,47.6786003112793,4554.89013671875
2023-11-29,47.99665069580078,4550.580078125
2023-11-30,46.6307258605957,4567.7998046875
2023-12-01,46.62574768066406,4594.6298828125
2023-12-04,45.37448501586914,4569.77978515625
2023-12-05,46.431427001953125,4567.18017578125
2023-12-06,45.37150192260742,4549.33984375
2023-12-07,46.461334228515625,4585.58984375
2023-12-08,47.368709564208984,4604.3701171875
2023-12-11,46.492244720458984,4622.43994140625
2023-12-12,47.519264221191406,4643.7001953125
2023-12-13,47.94902420043945,4707.08984375
2023-12-14,48.21025848388672,4719.5498046875
2023-12-15,48.74870300292969,4719.18994140625
2023-12-18,49.93227005004883,4740.56005859375
2023-12-19,49.460636138916016,4768.3701171875
2023-12-20,47.97195816040039,4698.35009765625
2023-12-21,48.84842300415039,4746.75
2023-12-22,48.688880920410156,4754.6298828125
2023-12-26,49.13657760620117,4774.75
2023-12-27,49.2741813659668,4781.580078125
2023-12-28,49.37887954711914,4783.35009765625
2023-12-29,49.37887954711914,4769.830078125
2024-01-02,48.02879333496094,4742.830078125
2024-01-03,47.4315185546875,4704.81005859375
2024-01-04,47.85928726196289,4688.68017578125
2024-01-05,48.955101013183594,4697.240234375
2024-01-08,52.101985931396484,4763.5400390625
2024-01-09,52.98642349243164,4756.5
2024-01-10,54.19292449951172,4783.4501953125
2024-01-11,54.66355895996094,4780.240234375
2024-01-12,54.5518798828125,4783.830078125
2024-01-16,56.219051361083984,4765.97998046875
2024-01-17,55.89100646972656,4739.2099609375
2024-01-18,56.94195556640625,4780.93994140625
2024-01-19,59.319068908691406,4839.81005859375
2024-01-22,59.48159408569336,4850.43017578125
2024-01-23,59.69996643066406,4864.60009765625
2024-01-24,61.184661865234375,4868.5498046875
2024-01-25,61.43892288208008,4894.16015625
2024-01-26,60.8546142578125,4890.97021484375
2024-01-29,62.28446960449219,4927.93017578125
2024-01-30,62.59257507324219,4924.97021484375
2024-01-31,61.34918975830078,4845.64990234375
2024-02-01,62.844852447509766,4906.18994140625
2024-02-02,65.96878814697266,4958.60986328125
2024-02-05,69.13162994384766,4942.81005859375
2024-02-06,68.02584075927734,4954.22998046875
2024-02-07,69.89641571044922,4995.06005859375
2024-02-08,69.43973541259766,4997.91015625
2024-02-09,71.92454528808594,5026.60986328125
2024-02-12,72.03919982910156,5021.83984375
2024-02-13,71.91954803466797,4953.169921875
2024-02-14,73.68643188476562,5000.6201171875
2024-02-15,72.44800567626953,5029.72998046875
2024-02-16,72.40314483642578,5005.56982421875
2024-02-20,69.25129699707031,4975.509765625
2024-02-21,67.2770004272461,4981.7998046875
2024-02-22,78.31101989746094,5087.02978515625
2024-02-23,78.58922576904297,5088.7998046875
2024-02-26,78.86343383789062,5069.52978515625
2024-02-27,78.47354125976562,5078.18017578125
2024-02-28,77.43856048583984,5069.759765625
2024-02-29,78.88336944580078,5096.27001953125
2024-03-01,82.04119110107422,5137.080078125
2024-03-04,84.99066162109375,5130.9501953125
2024-03-05,85.7195816040039,5078.64990234375
2024-03-06,88.44780731201172,5104.759765625
2024-03-07,92.40552520751953,5157.35986328125
2024-03-08,87.27912902832031,5123.68994140625
2024-03-11,85.53012084960938,5117.93994140625
2024-03-12,91.65167236328125,5175.27001953125
2024-03-13,90.62957763671875,5165.31005859375
2024-03-14,87.69395446777344,5150.47998046875
2024-03-15,87.5872573852539,5117.08984375
2024-03-18,88.20349884033203,5149.419921875
2024-03-19,89.14381408691406,5178.509765625
2024-03-20,90.11505126953125,5224.6201171875
2024-03-21,91.1750259399414,5241.52978515625
2024-03-22,94.02090454101562,5234.18017578125
2024-03-25,94.73188781738281,5218.18994140625
2024-03-26,92.29782104492188,5203.580078125
2024-03-27,89.99339294433594,5248.490234375
2024-03-28,90.0990982055664,5254.35009765625
2024-04-01,90.10607147216797,5243.77001953125
2024-04-02,89.19766998291016,5205.81005859375
2024-04-03,88.71105194091797,5211.490234375
2024-04-04,85.6607437133789,5147.2099609375
2024-04-05,87.75777435302734,5204.33984375
2024-04-08,86.88526153564453,5202.39013671875
2024-04-09,85.1113052368164,5209.91015625
2024-04-10,86.79153442382812,5160.64013671875
2024-04-11,90.35835266113281,5199.06005859375
2024-04-12,87.93525695800781,5123.41015625
2024-04-15,85.7564697265625,5061.81982421875
2024-04-16,87.16645050048828,5051.41015625
2024-04-17,83.79605865478516,5022.2099609375
2024-04-18,84.43023681640625,5011.1201171875
2024-04-19,75.98333740234375,4967.22998046875
2024-04-22,79.29190826416016,5010.60009765625
2024-04-23,82.18864440917969,5070.5498046875
2024-04-24,79.45044708251953,5071.6298828125
2024-04-25,82.39706420898438,5048.419921875
2024-04-26,87.48555755615234,5099.9599609375
2024-04-29,87.50747680664062,5116.169921875
2024-04-30,86.1563491821289,5035.68994140625
2024-05-01,82.80489349365234,5018.39013671875
2024-05-02,85.572998046875,5064.2001953125
2024-05-03,88.53654479980469,5127.7900390625
2024-05-06,91.87800598144531,5180.740234375
2024-05-07,90.2965316772461,5187.7001953125
2024-05-08,90.1549301147461,5187.669921875
2024-05-09,88.49466705322266,5214.080078125
2024-05-10,89.6224594116211,5222.68017578125
2024-05-13,90.1419677734375,5221.419921875
2024-05-14,91.09626007080078,5246.68017578125
2024-05-15,94.3609390258789,5308.14990234375
2024-05-16,94.09070587158203,5297.10009765625
2024-05-17,92.216064453125,5303.27001953125
2024-05-20,94.5105209350586,5308.1298828125
2024-05-21,95.11479187011719,5321.41015625
2024-05-22,94.68001556396484,5307.009765625
2024-05-23,103.50389099121094,5267.83984375
2024-05-24,106.1662826538086,5304.72021484375
2024-05-28,113.57714080810547,5306.0400390625
2024-05-29,114.49851989746094,5266.9501953125
2024-05-30,110.18582153320312,5235.47998046875
2024-05-31,109.32127380371094,5277.509765625
2024-06-03,114.67300415039062,5283.39990234375
2024-06-04,116.10592651367188,5291.33984375
2024-06-05,122.09187316894531,5354.02978515625
2024-06-06,120.65397644042969,5352.9599609375
2024-06-07,120.54428100585938,5346.990234375
2024-06-10,121.44371032714844,5360.7900390625
2024-06-11,120.57611846923828,5375.31982421875
2024-06-12,124.8542709350586,5421.02978515625
2024-06-13,129.25209045410156,5433.740234375
2024-06-14,131.51580810546875,5431.60009765625
2024-06-17,130.61831665039062,5473.22998046875
2024-06-18,135.20562744140625,5487.02978515625
2024-06-20,130.41885375976562,5473.169921875
2024-06-21,126.22049713134766,5464.6201171875
2024-06-24,117.78384399414062,5447.8701171875
2024-06-25,125.74180603027344,5469.2998046875
2024-06-26,126.05094909667969,5477.89990234375
2024-06-27,123.64761352539062,5482.8701171875
2024-06-28,123.19886016845703,5460.47998046875
2024-07-01,123.9567642211914,5475.08984375
2024-07-02,122.33125305175781,5509.009765625
2024-07-03,127.92576599121094,5537.02001953125
2024-07-05,125.4825439453125,5567.18994140625
2024-07-08,127.84597778320312,5572.85009765625
2024-07-09,131.01724243164062,5576.97998046875
2024-07-10,134.53750610351562,5633.91015625
2024-07-11,127.04820251464844,5584.5400390625
2024-07-12,128.8831329345703,5615.35009765625
2024-07-15,128.08534240722656,5631.22021484375
2024-07-16,126.01107025146484,5667.2001953125
2024-07-17,117.66417694091797,5588.27001953125
2024-07-18,120.755615234375,5544.58984375
2024-07-19,117.60435485839844,5505.0
2024-07-22,123.19886016845703,5564.41015625
2024-07-23,122.25147247314453,5555.740234375
2024-07-24,113.93452453613281,5427.1298828125
2024-07-25,111.96995544433594,5399.22021484375
2024-07-26,112.747802734375,5459.10009765625
2024-07-29,111.2818603515625,5463.5400390625
2024-07-30,103.44356536865234,5436.43994140625
2024-07-31,116.69685363769531,5522.2998046875
2024-08-01,108.90843200683594,5446.68017578125
2024-08-02,106.9737777709961,5346.56005859375
2024-08-05,100.17262268066406,5186.330078125
2024-08-06,103.96212768554688,5240.02978515625
2024-08-07,98.63687896728516,5199.5
2024-08-08,104.68013000488281,5319.31005859375
2024-08-09,104.46074676513672,5344.16015625
2024-08-12,108.71894836425781,5344.39013671875
2024-08-13,115.81929016113281,5434.43017578125
2024-08-14,117.75395965576172,5455.2099609375
2024-08-15,122.52073669433594,5543.22021484375
2024-08-16,124.23597717285156,5554.25
2024-08-19,129.64102172851562,5608.25
2024-08-20,126.89861297607422,5597.1201171875
2024-08-21,128.14517211914062,5620.85009765625
2024-08-22,123.3982925415039,5570.64013671875
2024-08-23,129.01275634765625,5634.60986328125
2024-08-26,126.11080932617188,5616.83984375
2024-08-27,127.94572448730469,5625.7998046875
2024-08-28,125.26315307617188,5592.18017578125
2024-08-29,117.2652816772461,5591.9599609375
2024-08-30,119.04036712646484,5648.39990234375
2024-09-03,107.70177459716797,5528.93017578125
2024-09-04,105.91670989990234,5520.06982421875
2024-09-05,106.9139633178711,5503.41015625
2024-09-06,102.5460433959961,5408.419921875
2024-09-09,106.17599487304688,5471.0498046875
2024-09-10,107.8014907836914,5495.52001953125
2024-09-11,116.58717346191406,5554.1298828125
2024-09-12,118.82117462158203,5595.759765625
2024-09-13,118.7812728881836,5626.02001953125
2024-09-16,116.46748352050781,5633.08984375
2024-09-17,115.28067779541016,5634.580078125
2024-09-18,113.06661224365234,5618.259765625
2024-09-19,117.55457305908203,5713.64013671875
2024-09-20,115.68958282470703,5702.5498046875
2024-09-23,115.94889068603516,5718.56982421875
2024-09-24,120.54654693603516,5732.93017578125
2024-09-25,123.17948150634766,5722.259765625
2024-09-26,123.70806121826172,5745.3701171875
2024-09-27,121.07513427734375,5738.169921875
2024-09-30,121.11502838134766,5762.47998046875
2024-10-01,116.68689727783203,5708.75
2024-10-02,118.53194427490234,5709.5400390625
2024-10-03,122.52124786376953,5699.93994140625
2024-10-04,124.58570098876953,5751.06982421875
2024-10-07,127.37821197509766,5695.93994140625
2024-10-08,132.5343780517578,5751.1298828125
2024-10-09,132.29502868652344,5792.0400390625
2024-10-10,134.44923400878906,5780.0498046875
2024-10-11,134.43927001953125,5815.02978515625
2024-10-14,137.70053100585938,5859.85009765625
2024-10-15,131.2478485107422,5815.259765625
2024-10-16,135.3568115234375,5842.47021484375
2024-10-17,136.56356811523438,5841.47021484375
2024-10-18,137.63070678710938,5864.669921875
2024-10-21,143.32542419433594,5853.97998046875
2024-10-22,143.20574951171875,5851.2001953125
2024-10-23,139.1865234375,5797.419921875
2024-10-24,140.03427124023438,5809.85986328125
2024-10-25,141.16122436523438,5808.1201171875
2024-10-28,140.1439666748047,5823.52001953125
2024-10-29,140.87200927734375,5832.919921875
2024-10-30,138.9671173095703,5813.669921875
2024-10-31,132.40472412109375,5705.4501953125
2024-11-01,135.03765869140625,5728.7998046875
2024-11-04,135.68592834472656,5712.68994140625
2024-11-05,139.5355987548828,5782.759765625
2024-11-06,145.22032165527344,5929.0400390625
2024-11-07,148.48158264160156,5973.10009765625
2024-11-08,147.2349395751953,5995.5400390625
2024-11-11,144.87127685546875,6001.35009765625
2024-11-12,147.8931427001953,5983.990234375
2024-11-13,145.87857055664062,5985.3798828125
2024-11-14,146.3672637939453,5949.169921875
2024-11-15,141.60003662109375,5870.6201171875
2024-11-18,139.77493286132812,5893.6201171875
2024-11-19,146.61659240722656,5916.97998046875
2024-11-20,145.4995880126953,5917.10986328125
2024-11-21,146.27749633789062,5948.7099609375
2024-11-22,141.57012939453125,5969.33984375
2024-11-25,135.656005859375,5987.3701171875
2024-11-26,136.55357360839844,6021.6298828125
2024-11-27,134.9778289794922,5998.740234375
2024-11-29,137.88003540039062,6032.3798828125
2024-12-02,138.25901794433594,6047.14990234375
2024-12-03,139.88467407226562,6049.8798828125
2024-12-04,144.7515869140625,6086.490234375
2024-12-05,144.6818084716797,6075.10986328125
2024-12-06,142.068603515625,6090.27001953125
2024-12-09,138.4480743408203,6052.85009765625
2024-12-10,134.71783447265625,6034.91015625
2024-12-11,138.94677734375,6084.18994140625
2024-12-12,136.98191833496094,6051.25
2024-12-13,133.89996337890625,6051.08984375
2024-12-16,131.6558380126953,6074.080078125
2024-12-17,130.05001831054688,6050.60986328125
2024-12-18,128.5738983154297,5872.16015625
2024-12-19,130.33926391601562,5867.080078125
2024-12-20,134.34878540039062,5930.85009765625
2024-12-23,139.3058319091797,5974.06982421875
2024-12-24,139.85440063476562,6040.0400390625
2024-12-26,139.56515502929688,6037.58984375
2024-12-27,136.6527557373047,5970.83984375
2024-12-30,137.1315155029297,5906.93994140625
2024-12-31,133.93984985351562,5881.6298828125
2025-01-02,137.94937133789062,5868.5498046875
2025-01-03,144.09332275390625,5942.47021484375
2025-01-06,149.04037475585938,5975.3798828125
2025-01-07,139.77459716796875,5909.02978515625
2025-01-08,139.74468994140625,5918.25
2025-01-10,135.55564880371094,5827.0400390625
2025-01-13,132.8826141357422,5836.22021484375
2025-01-14,131.41647338867188,5842.91015625
2025-01-15,135.88479614257812,5949.91015625
2025-01-16,133.22174072265625,5937.33984375
2025-01-17,137.35096740722656,5996.66015625
2025-01-21,140.46282958984375,6049.240234375
2025-01-22,146.68653869628906,6086.3701171875
2025-01-23,146.83615112304688,6118.7099609375
2025-01-24,142.2481231689453,6101.240234375
2025-01-27,118.11123657226562,6012.27978515625
2025-01-28,128.6536865234375,6067.7001953125
2025-01-29,123.37747955322266,6039.31005859375
2025-01-30,124.32498931884766,6071.169921875
2025-01-31,119.7569351196289,6040.52978515625
2025-02-03,116.35584259033203,5994.56982421875
2025-02-04,118.34063720703125,6037.8798828125
2025-02-05,124.50453186035156,6061.47998046875
2025-02-06,128.34449768066406,6083.56982421875
2025-02-07,129.50144958496094,6025.990234375
2025-02-10,133.22174072265625,6066.43994140625
2025-02-11,132.45375061035156,6068.5
2025-02-12,130.79808044433594,6051.97021484375
2025-02-13,134.937255859375,6115.06982421875
2025-02-14,138.4879913330078,6114.6298828125
2025-02-18,139.0365447998047,6129.580078125
2025-02-19,138.86697387695312,6144.14990234375
2025-02-20,139.74468994140625,6117.52001953125
2025-02-21,134.07948303222656,6013.1298828125
2025-02-24,129.94033813476562,5983.25
2025-02-25,126.2998275756836,5955.25
2025-02-26,130.9376983642578,5956.06005859375
2025-02-27,119.83673858642578,5861.56982421875
2025-02-28,124.59429168701172,5954.5
2025-03-03,113.76260375976562,5849.72021484375
2025-03-04,115.68757629394531,5778.14990234375
2025-03-05,116.99415588378906,5842.6298828125
2025-03-06,110.28170776367188,5738.52001953125
2025-03-07,112.39618682861328,5770.2001953125
2025-03-10,106.70106506347656,5614.56005859375
2025-03-11,108.47643280029297,5572.06982421875
2025-03-12,115.44884490966797,5599.2998046875
2025-03-13,115.28925323486328,5521.52001953125
2025-03-14,121.36392211914062,5638.93994140625
2025-03-17,119.22931671142578,5675.1201171875
2025-03-18,115.1396255493164,5614.66015625
2025-03-19,117.224365234375,5675.2900390625
2025-03-20,118.23181915283203,5662.89013671875
2025-03-21,117.4039077758789,5667.56005859375
2025-03-24,121.10458374023438,5767.56982421875
2025-03-25,120.38639831542969,5776.64990234375
2025-03-26,113.47382354736328,5712.2001953125
2025-03-27,111.14968872070312,5693.31005859375
2025-03-28,109.39411163330078,5580.93994140625
2025-03-31,108.10735321044922,5611.85009765625
2025-04-01,109.87290954589844,5633.06982421875
2025-04-02,110.14221954345703,5670.97021484375
2025-04-03,101.5439224243164,5396.52001953125
2025-04-04,94.07275390625,5074.080078125
2025-04-07,97.39436340332031,5062.25
2025-04-08,96.05775451660156,4982.77001953125
2025-04-09,114.04239654541016,5456.89990234375
2025-04-10,107.29939270019531,5268.0498046875
2025-04-11,110.65094757080078,5363.35986328125
2025-04-14,110.43150329589844,5405.97021484375
2025-04-15,111.9177474975586,5396.6298828125
2025-04-16,104.22714233398438,5275.7001953125
2025-04-17,101.23468017578125,5282.7001953125
2025-04-21,96.66622161865234,5158.2001953125
2025-04-22,98.64122009277344,5287.759765625
2025-04-23,102.45161437988281,5375.85986328125
2025-04-24,106.16226196289062,5484.77001953125
2025-04-25,110.73075103759766,5525.2099609375
2025-04-28,108.45648956298828,5528.75
2025-04-29,108.74574279785156,5560.830078125
2025-04-30,108.64599609375,5569.06005859375
2025-05-01,111.32923889160156,5604.14013671875
2025-05-02,114.21196746826172,5686.669921875
2025-05-05,113.53368377685547,5650.3798828125
2025-05-06,113.25438690185547,5606.91015625
2025-05-07,116.7655258178711,5631.27978515625
2025-05-08,117.07474517822266,5663.93994140625
2025-05-09,116.3565673828125,5659.91015625
2025-05-12,122.6905746459961,5844.18994140625
2025-05-13,129.60313415527344,5886.5498046875
2025-05-14,134.99952697753906,5892.580078125
2025-05-15,134.49082946777344,5916.93017578125
2025-05-16,135.05938720703125,5958.3798828125
2025-05-19,135.22898864746094,5963.60009765625
2025-05-20,134.0419464111328,5940.4599609375
2025-05-21,131.4684600830078,5844.60986328125
2025-05-22,132.495849609375,5842.009765625
2025-05-23,130.959716796875,5802.81982421875
2025-05-27,135.1591339111328,5921.5400390625
2025-05-28,134.4708709716797,5888.5498046875
2025-05-29,138.83984375,5912.169921875
2025-05-30,134.7900848388672,5911.68994140625
2025-06-02,137.03440856933594,5935.93994140625
2025-06-03,140.86474609375,5970.3701171875
2025-06-04,141.56300354003906,5970.81005859375
2025-06-05,139.63784790039062,5939.2998046875
2025-06-06,141.3634796142578,6000.35986328125
2025-06-09,142.27120971679688,6005.8798828125
2025-06-10,143.59783935546875,6038.81005859375
2025-06-11,142.48057556152344,6022.240234375
2025-06-12,144.64527893066406,6045.259765625
2025-06-13,141.6226806640625,5976.97021484375
2025-06-16,144.33604431152344,6033.10986328125
2025-06-17,143.7674102783203,5982.72021484375
2025-06-18,145.1240997314453,5980.8701171875
2025-06-20,143.4980926513672,5967.83984375
2025-06-23,143.8173065185547,6025.169921875
2025-06-24,147.53817749023438,6092.18017578125
2025-06-25,153.93251037597656,6092.16015625
2025-06-26,154.64077758789062,6141.02001953125
2025-06-27,157.3640899658203,6173.06982421875
2025-06-30,157.603515625,6204.9501953125
2025-07-01,152.92498779296875,6198.009765625
2025-07-02,156.86532592773438,6227.419921875
2025-07-03,158.9501953125,6279.35009765625
2025-07-07,157.85289001464844,6229.97998046875
2025-07-08,159.60858154296875,6225.52001953125
2025-07-09,162.48153686523438,6263.259765625
2025-07-10,163.69857788085938,6280.4599609375
2025-07-11,164.5165557861328,6259.75
2025-07-14,163.66864013671875,6268.56005859375
2025-07-15,170.2824249267578,6243.759765625
2025-07-16,170.95077514648438,6263.7001953125
2025-07-17,172.5767822265625,6297.35986328125
2025-07-18,171.9882049560547,6296.7900390625
2025-07-21,170.96075439453125,6305.60009765625
2025-07-22,166.6213836669922,6309.6201171875
2025-07-23,170.36221313476562,6358.91015625
2025-07-24,173.3149871826172,6363.35009765625
2025-07-25,173.07557678222656,6388.64013671875
2025-07-28,176.31761169433594,6389.77001953125
2025-07-29,175.0806121826172,6370.85986328125
2025-07-30,178.8314666748047,6362.89990234375
2025-07-31,177.4348602294922,6339.39013671875
2025-08-01,173.29502868652344,6238.009765625
2025-08-04,179.55966186523438,6329.93994140625
2025-08-05,177.82391357421875,6299.18994140625
2025-08-06,178.9810791015625,6345.06005859375
2025-08-07,180.32777404785156,6340.0
2025-08-08,182.2530517578125,6389.4501953125
2025-08-11,181.61460876464844,6373.4501953125
2025-08-12,182.7119140625,6445.759765625
2025-08-13,181.14576721191406,6466.580078125
2025-08-14,181.57470703125,6468.5400390625
2025-08-15,180.008544921875,6449.7998046875
2025-08-18,181.56472778320312,6449.14990234375
2025-08-19,175.2103271484375,6411.3701171875
2025-08-20,174.97091674804688,6395.77978515625
2025-08-21,174.5519256591797,6370.169921875
2025-08-22,177.55458068847656,6466.91015625
2025-08-25,179.37013244628906,6439.31982421875
2025-08-26,181.3253173828125,6465.93994140625
2025-08-27,181.15574645996094,6481.39990234375
2025-08-28,179.72923278808594,6501.85986328125
2025-08-29,173.75389099121094,6460.259765625
2025-09-02,170.36221313476562,6415.5400390625
2025-09-03,170.20260620117188,6448.259765625
2025-09-04,171.2400665283203,6502.080078125
2025-09-05,166.61141967773438,6481.5
2025-09-08,167.89825439453125,6495.14990234375
2025-09-09,170.3422393798828,6512.60986328125
2025-09-10,176.89620971679688,6532.0400390625
2025-09-11,176.74655151367188,6587.47021484375
2025-09-12,177.39498901367188,6584.2900390625
2025-09-15,177.32518005371094,6615.27978515625
2025-09-16,174.4620361328125,6606.759765625
2025-09-17,169.8829803466797,6600.35009765625
2025-09-18,175.81878662109375,6631.9599609375
2025-09-19,176.24774169921875,6664.35986328125
2025-09-22,183.17115783691406,6693.75
2025-09-23,178.0035400390625,6656.919921875
2025-09-24,176.54702758789062,6637.97021484375
2025-09-25,177.2653045654297,6604.72021484375
2025-09-26,177.76409912109375,6643.7001953125
2025-09-29,181.4153594970703,6661.2099609375
2025-09-30,186.13406372070312,6688.4599609375
2025-10-01,186.79248046875,6711.2001953125
2025-10-02,188.43853759765625,6715.35009765625
2025-10-03,187.1715850830078,6715.7900390625
2025-10-06,185.09654235839844,6740.27978515625
2025-10-07,184.5977325439453,6714.58984375
2025-10-08,188.6580047607422,6753.72021484375
2025-10-09,192.1097412109375,6735.10986328125
2025-10-10,182.72222900390625,6552.509765625
2025-10-13,187.86990356445312,6654.72021484375
2025-10-14,179.59971618652344,6644.31005859375
2025-10-15,179.40017700195312,6671.06005859375
2025-10-16,181.3754425048828,6629.06982421875
2025-10-17,182.78208923339844,6664.009765625
2025-10-20,182.20346069335938,6735.1298828125
2025-10-21,180.72702026367188,6735.35009765625
2025-10-22,179.84912109375,6699.39990234375
2025-10-23,181.72463989257812,6738.43994140625
2025-10-24,185.81480407714844,6791.68994140625
2025-10-27,191.03233337402344,6875.16015625
2025-10-28,200.5495147705078,6890.89013671875
2025-10-29,206.54515075683594,6890.58984375
2025-10-30,202.40505981445312,6822.33984375
2025-10-31,202.00604248046875,6840.2001953125
2025-11-03,206.3855438232422,6851.97021484375
2025-11-04,198.21511840820312,6771.5498046875
2025-11-05,194.74343872070312,6796.2900390625
2025-11-06,187.63047790527344,6720.31982421875
2025-11-07,187.70030212402344,6728.7998046875
2025-11-10,198.57424926757812,6832.43017578125
2025-11-11,192.69834899902344,6846.60986328125
2025-11-12,193.33682250976562,6850.919921875
2025-11-13,186.41339111328125,6737.490234375
2025-11-14,189.71546936035156,6734.10986328125
2025-11-17,186.1540069580078,6672.41015625
2025-11-18,180.92654418945312,6617.31982421875
2025-11-19,186.07420349121094,6642.16015625
2025-11-20,180.208251953125,6538.759765625
2025-11-21,178.45248413085938,6602.990234375
2025-11-24,182.11370849609375,6705.1201171875
2025-11-25,177.39498901367188,6765.8798828125
2025-11-26,179.8291778564453,6812.60986328125
2025-11-28,176.5769500732422,6849.08984375
2025-12-01,179.48997497558594,6812.6298828125
2025-12-02,181.02630615234375,6829.3701171875
2025-12-03,179.1607666015625,6849.72021484375
2025-12-04,182.951904296875,6857.1201171875
2025-12-05,181.98416137695312,6870.39990234375
2025-12-08,185.1168212890625,6846.509765625
2025-12-09,184.53819274902344,6840.509765625
2025-12-10,183.3509521484375,6886.68017578125
2025-12-11,180.50759887695312,6901.0
2025-12-12,174.6114044189453,6827.41015625
2025-12-15,175.87843322753906,6816.509765625
2025-12-16,177.30511474609375,6800.259765625
2025-12-17,170.5409393310547,6721.43017578125
2025-12-18,173.73345947265625,6774.759765625
2025-12-19,180.56747436523438,6834.5
2025-12-22,183.2611541748047,6878.490234375
2025-12-23,188.76829528808594,6909.7900390625
2025-12-24,188.169677734375,6932.0498046875
2025-12-26,190.08518981933594,6929.93994140625
2025-12-29,187.7805938720703,6905.740234375
2025-12-30,187.1021728515625,6896.240234375
2025-12-31,186.0646209716797,6845.5
2026-01-02,188.40911865234375,6858.47021484375
2026-01-05,187.6808319091797,6902.0498046875
2026-01-06,186.80288696289062,6944.81982421875
2026-01-07,188.6685028076172,6920.93017578125
2026-01-08,184.60801696777344,6921.4599609375
2026-01-09,184.42843627929688,6966.27978515625
2026-01-12,184.5082550048828,6977.27001953125
2026-01-13,185.376220703125,6963.740234375
2026-01-14,182.7124481201172,6926.60009765625
2026-01-15,186.6133270263672,6944.47021484375
2026-01-16,185.79522705078125,6940.009765625
2026-01-20,177.65428161621094,6796.85986328125
2026-01-21,182.8920440673828,6875.6201171875
2026-01-22,184.40847778320312,6913.35009765625
2026-01-23,187.23187255859375,6915.60986328125
2026-01-26,186.03468322753906,6950.22998046875
2026-01-27,188.07989501953125,6978.60009765625
2026-01-28,191.07289123535156,6978.02978515625
2026-01-29,192.06056213378906,6969.009765625
2026-01-30,190.6837921142578,6939.02978515625
2026-02-02,185.17669677734375,6976.43994140625
2026-02-03,179.91897583007812,6917.81005859375
2026-02-04,173.78334045410156,6882.72021484375
2026-02-05,171.47872924804688,6798.39990234375
2026-02-06,184.97714233398438,6932.2998046875
2026-02-09,189.59632873535156,6964.81982421875
2026-02-10,188.09983825683594,6941.81005859375
2026-02-11,189.60633850097656,6941.47021484375
2026-02-12,186.5035858154297,6832.759765625
2026-02-13,182.3832244873047,6836.169921875
2026-02-17,184.53819274902344,6843.22021484375
2026-02-18,187.5411376953125,6881.31005859375
2026-02-19,187.46133422851562,6861.89013671875
2026-02-20,189.37686157226562,6909.509765625
2026-02-23,191.1028289794922,6837.75
2026-02-24,192.39979553222656,6890.06982421875
2026-02-25,195.10345458984375,6946.1298828125
2026-02-26,184.4583740234375,6908.85986328125
2026-02-27,176.77635192871094,6878.8798828125
2026-03-02,182.05398559570312,6881.6201171875
2026-03-03,179.62966918945312,6816.6298828125
2026-03-04,182.61268615722656,6869.5
2026-03-05,182.9119873046875,6830.7099609375
2026-03-06,177.4048614501953,6740.02001953125
2026-03-09,182.2235870361328,6795.990234375
2026-03-10,184.33865356445312,6781.47998046875
2026-03-11,185.60574340820312,6775.7998046875
2026-03-12,182.7223358154297,6672.6201171875
2026-03-13,179.8389434814453,6632.18994140625
2026-03-16,182.80215454101562,6699.3798828125
2026-03-17,181.51510620117188,6716.08984375
2026-03-18,179.98858642578125,6624.7001953125
2026-03-19,178.15277099609375,6606.490234375
2026-03-20,172.30615234375,6506.47998046875
2026-03-23,175.23944091796875,6581.0
2026-03-24,174.80044555664062,6556.3701171875
2026-03-25,178.2725067138672,6591.89990234375
2026-03-26,170.8494873046875,6477.16015625
2026-03-27,167.13796997070312,6368.85009765625
2026-03-30,164.79331970214844,6343.72021484375
2026-03-31,174.00225830078125,6528.52001953125
2026-04-01,175.34918212890625,6575.31982421875
2026-04-02,176.98545837402344,6582.68994140625
2026-04-06,177.23487854003906,6611.830078125
2026-04-07,177.69383239746094,6616.85009765625
2026-04-08,181.66476440429688,6782.81005859375
2026-04-09,183.4906005859375,6824.66015625
2026-04-10,188.1998291015625,6816.89013671875
2026-04-13,188.87826538085938,6886.240234375
2026-04-14,196.0618438720703,6967.3798828125
2026-04-15,198.41647338867188,7022.9501953125
2026-04-16,197.8976593017578,7041.27978515625
2026-04-17,201.2200469970703,7126.06005859375
2026-04-20,201.59918212890625,7109.14013671875
2026-04-21,199.42417907714844,7064.009765625
2026-04-22,202.03819274902344,7137.89990234375
2026-04-23,199.18470764160156,7108.39990234375
2026-04-24,207.79502868652344,7165.080078125
2026-04-27,216.1160125732422,7173.91015625
2026-04-28,212.68385314941406,7138.7998046875
2026-04-29,208.77279663085938,7135.9501953125
2026-04-30,199.1148681640625,7209.009765625
2026-05-01,197.9974365234375,7230.1201171875
2026-05-04,198.02734375,7200.75
2026-05-05,196.05186462402344,7259.22021484375
2026-05-06,207.3560333251953,7365.1201171875
2026-05-07,211.01766967773438,7337.10986328125
2026-05-08,214.709228515625,7398.93017578125
2026-05-11,218.93955993652344,7412.83984375
2026-05-12,220.27650451660156,7400.9599609375
2026-05-13,225.3149871826172,7444.25
2026-05-14,235.202392578125,7501.240234375
2026-05-15,224.80615234375,7408.5
2026-05-18,221.81300354003906,7403.0498046875
2026-05-19,220.1068878173828,7353.60986328125
2026-05-20,222.9603729248047,7432.97021484375
2026-05-21,219.0093994140625,7445.72021484375
2026-05-22,214.83892822265625,7473.47021484375
2026-05-26,214.37001037597656,7519.1201171875
2026-05-27,212.1151580810547,7520.35986328125
2026-05-28,213.7613983154297,7563.6298828125
2026-05-29,210.6584930419922,7580.06005859375
2026-06-01,223.8483428955078,7599.9599609375
2026-06-02,222.3118438720703,7609.77978515625
2026-06-03,214.26025390625,7553.68017578125
2026-06-04,218.4156036376953,7584.31005859375
2026-06-05,204.87075805664062,7383.740234375
2026-06-08,208.40679931640625,7405.72998046875
2026-06-09,207.95730590820312,7386.64990234375
2026-06-10,200.19598388671875,7266.990234375
2026-06-11,204.64100646972656,7394.2998046875
2026-06-12,204.96066284179688,7431.4599609375
2026-06-15,212.21253967285156,7554.2900390625
2026-06-16,207.1781768798828,7511.35009765625
2026-06-17,204.42124938964844,7420.10009765625
2026-06-18,210.4545135498047,7500.580078125
2026-06-22,208.41677856445312,7472.7900390625
2026-06-23,199.81640625,7365.4599609375
2026-06-24,198.77757263183594,7358.22021484375
2026-06-25,195.52122497558594,7357.490234375
2026-06-26,192.31480407714844,7354.02001953125
2026-06-29,194.7520751953125,7440.43017578125
2026-06-30,199.86634826660156,7499.35986328125
2026-07-01,197.35916137695312,7483.22998046875
2026-07-02,194.61224365234375,7483.240234375
2026-07-06,195.33143615722656,7537.43017578125
2026-07-07,196.7098846435547,7503.85009765625
2026-07-08,203.891845703125,7482.7099609375
2026-07-09,202.5533447265625,7543.64013671875
2026-07-10,210.72421264648438,7575.39013671875
2026-07-13,203.30250549316406,7515.33984375
2026-07-14,211.5632781982422,7543.58984375
2026-07-15,212.26248168945312,7572.39990234375
2026-07-16,207.16818237304688,7533.77001953125
2026-07-17,202.58331298828125,7457.68994140625
2026-07-20,203.05279541015625,7443.27978515625
2026-07-21,207.0583038330078,7509.2001953125
2026-07-22,211.82298278808594,7498.9599609375
2026-07-23,208.5266571044922,7408.2998046875
2026-07-24,206.6088104248047,7411.97998046875
2026-07-27,196.2903594970703,7413.18017578125
2026-07-28,196.789794921875,7428.77978515625
2026-07-29,189.79762268066406,7316.14990234375
2026-07-30,194.82199096679688,7437.6298828125
2026-07-31,200.52561950683594,7489.72021484375
2026-08-03,206.40904235839844,7600.5
2026-08-04,211.70310974121094,7736.52001953125
2026-08-05,218.9749755859375,7723.5498046875
2026-08-06,218.7452392578125,7709.9599609375
2026-08-07,223.70968627929688,7757.64013671875
2026-08-10,217.3068389892578,7753.10986328125
2026-08-11,217.25689697265625,7728.2001953125
2026-08-12,223.8395233154297,7748.5
2026-08-13,225.04818725585938,7798.990234375
2026-08-14,224.90834045410156,7785.759765625
2026-08-17,224.7584991455078,7745.06005859375
2026-08-18,219.49440002441406,7691.759765625
2026-08-19,217.31683349609375,7707.97998046875
2026-08-20,216.60763549804688,7641.16015625
2026-08-21,214.48001098632812,7674.3701171875
2026-08-24,208.24697875976562,7652.85986328125
2026-08-25,212.81187438964844,7677.27978515625
2026-08-26,209.4256591796875,7675.7001953125
2026-08-27,227.7251739501953,7730.990234375
2026-08-28,217.3068389892578,7711.759765625
2026-08-31,220.53323364257812,7686.14013671875
2026-09-01,217.1969757080078,7631.47021484375
2026-09-02,224.1591796875,7666.60009765625
2026-09-03,228.1946563720703,7747.7099609375
2026-09-04,230.10252380371094,7718.60009765625
2026-09-08,225.47769165039062,7673.52001953125
2026-09-09,223.4199981689453,7636.35986328125
2026-09-10,218.36000061035156,7591.7001953125
2026-09-11,218.2899932861328,7656.97998046875
2026-09-14,210.9600067138672,7619.97998046875
2026-09-15,212.1699981689453,7585.72998046875
2026-09-16,213.89999389648438,7551.81005859375
2026-09-17,219.33999633789062,7637.759765625
2026-09-18,222.27000427246094,7650.5
2026-09-21,227.3800048828125,7764.7001953125
2026-09-22,228.8699951171875,7764.64013671875
